{"cameraMode":{"drawMode":0,"name":"Shaded","section":"Shading Mode"},"sceneLighting":true,"audioPlay":false,"sceneViewState":{"showFog":true,"showMaterialUpdate":false,"showSkybox":true,"showFlares":true,"showImageEffects":true,"showParticleSystems":true},"in2DMode":false,"pivot":{"x":119.73081970214844,"y":1.5781211853027344,"z":105.919921875},"rotation":{"x":0.229246124625206,"y":0.007295562885701656,"z":-0.0017196786357089878,"w":0.9733396768569946},"size":13.705086708068848,"orthographic":false}