{"cameraMode":{"drawMode":0,"name":"Shaded","section":"Shading Mode"},"sceneLighting":false,"audioPlay":false,"sceneViewState":{"showFog":true,"showMaterialUpdate":false,"showSkybox":false,"showFlares":true,"showImageEffects":true,"showParticleSystems":true},"in2DMode":false,"pivot":{"x":164.1600341796875,"y":112.80000305175781,"z":0.0},"rotation":{"x":0.2507668733596802,"y":-0.04934880882501602,"z":0.01280145812779665,"w":0.9667041897773743},"size":186.6761932373047,"orthographic":false}