{"cameraMode":{"drawMode":0,"name":"Shaded","section":"Shading Mode"},"sceneLighting":true,"audioPlay":false,"sceneViewState":{"showFog":true,"showMaterialUpdate":false,"showSkybox":true,"showFlares":true,"showImageEffects":true,"showParticleSystems":true},"in2DMode":false,"pivot":{"x":118.64366149902344,"y":47.965110778808597,"z":168.2884979248047},"rotation":{"x":0.00920218788087368,"y":-0.9870415925979614,"z":0.14797522127628327,"w":0.0613812580704689},"size":85.2654800415039,"orthographic":false}